{
  "id": "8ec04736-40d4-25c5-ac76-0ac7b855ef88",
  "name": "wdiot1",
  "values": [
    {
      "enabled": true,
      "key": "number",
      "value": "00",
      "type": "text"
    },
    {
      "enabled": true,
      "key": "packageId",
      "value": "YY.greenhouse.pkg.XX.pkg",
      "type": "text"
    },
    {
      "enabled": true,
      "key": "yourthingId",
      "value": "{id of your thing, e.g. 72E96072D1F5458A9D6937370C842BE7}",
      "type": "text"
    },
    {
      "enabled": true,
      "key": "locationId",
      "value": "{send create location}",
      "type": "text"
    },
    {
      "enabled": true,
      "key": "tenant",
      "value": "coil-tokyo1",
      "type": "text"
    },
    {
      "enabled": true,
      "key": "endpoint",
      "value": "iot-sap.cfapps.eu10.hana.ondemand.com",
      "type": "text"
    },
    {
      "enabled": true,
      "key": "packagePrefix",
      "value": "iotae.coil-tokyo1",
      "type": "text"
    },
    {
      "enabled": true,
      "key": "protocol",
      "value": "https",
      "type": "text"
    },
    {
      "enabled": true,
      "key": "host",
      "value": "e8b62b4e-8c48-4704-9522-b0fa7f43ee52.eu10.cp.iot.sap",
      "type": "text"
    },
    {
      "enabled": true,
      "key": "port",
      "value": "443",
      "type": "text"
    },
    {
      "enabled": true,
      "key": "gatewayId",
      "value": "3",
      "type": "text"
    },
    {
      "enabled": true,
      "key": "x-csrf-token",
      "value": "KIE2TJLe-YFanRruT7X7-v4ww2RHOb6yt8-Y",
      "type": "text"
    },
    {
      "enabled": true,
      "key": "currentDate",
      "value": "{do not touch}",
      "type": "text"
    }
  ],
  "timestamp": 1508156406359,
  "_postman_variable_scope": "environment",
  "_postman_exported_at": "2017-10-16T12:20:11.433Z",
  "_postman_exported_using": "Postman/5.3.0"
}